name,time,temperature,humidity,wind,battery
sn50v3_kropp,2026-02-01 00:15:53.970951133,-4.6,86.8,0,3.624
sn50v3_kropp,2026-02-01 00:35:53.763048726,-4.6,86.6,0,3.624
sn50v3_kropp,2026-02-01 00:55:53.5855072,-4.7,86.2,0,3.624
sn50v3_kropp,2026-02-01 01:15:53.37467377,-4.7,86.5,0,3.624
sn50v3_kropp,2026-02-01 01:35:53.189937443,-4.8,86.8,0,3.624
sn50v3_kropp,2026-02-01 01:55:52.993632329,-4.8,86.7,0,3.624
sn50v3_kropp,2026-02-01 02:15:52.824686679,-4.8,86.6,0,3.624
sn50v3_kropp,2026-02-01 02:35:52.616273134,-4.8,87.1,0,3.624
sn50v3_kropp,2026-02-01 02:55:52.421772792,-4.8,86.2,0,3.624
sn50v3_kropp,2026-02-01 03:15:52.244173527,-4.8,87.1,0,3.624
sn50v3_kropp,2026-02-01 03:35:52.04189545,-4.9,86.8,0,3.624
sn50v3_kropp,2026-02-01 03:55:51.862934187,-4.9,87.1,0,3.624
sn50v3_kropp,2026-02-01 04:15:51.653699076,-4.9,86.9,0,3.624
sn50v3_kropp,2026-02-01 04:35:51.469114148,-5,86.9,0,3.624
sn50v3_kropp,2026-02-01 04:55:51.274828248,-5,86.6,0,3.624
sn50v3_kropp,2026-02-01 05:15:51.073091149,-5.1,86.8,0,3.624
sn50v3_kropp,2026-02-01 05:35:50.899980886,-5.1,87,0,3.624
sn50v3_kropp,2026-02-01 05:55:50.692463638,-5.1,86.9,0,3.63
sn50v3_kropp,2026-02-01 06:15:50.530277697,-5.2,87.5,0,3.624
sn50v3_kropp,2026-02-01 06:35:50.324821527,-5.2,87.3,0,3.624
sn50v3_kropp,2026-02-01 06:55:50.129948322,-5.2,87.5,0,3.624
sn50v3_kropp,2026-02-01 07:15:49.943407664,-5.2,87.9,0,3.624
sn50v3_kropp,2026-02-01 07:35:49.751566777,-5.2,87.6,0,3.624
sn50v3_kropp,2026-02-01 07:55:49.552293981,-5.1,87,0,3.624
sn50v3_kropp,2026-02-01 08:15:49.353092005,-5.1,86.8,0,3.63
sn50v3_kropp,2026-02-01 08:35:49.170279639,-4.8,85.9,0,3.624
sn50v3_kropp,2026-02-01 08:55:48.97719448,-4.8,85.2,0,3.624
sn50v3_kropp,2026-02-01 09:15:48.793412272,-4.7,84.9,0,3.624
sn50v3_kropp,2026-02-01 09:35:48.592156501,-4.6,83.9,0,3.624
sn50v3_kropp,2026-02-01 09:55:48.390535346,-4.4,84.3,0,3.624
sn50v3_kropp,2026-02-01 10:15:48.201745594,-4.3,83,0,3.624
sn50v3_kropp,2026-02-01 10:35:48.01091364,-4.2,82.5,0,3.63
sn50v3_kropp,2026-02-01 10:55:47.824800278,-4.1,82.6,0,3.624
sn50v3_kropp,2026-02-01 11:15:47.643102749,-4,81.5,0,3.624
sn50v3_kropp,2026-02-01 11:35:47.435206,-3.8,80.8,0,3.624
sn50v3_kropp,2026-02-01 11:55:47.243497923,-3.7,80.4,0,3.624
sn50v3_kropp,2026-02-01 12:15:47.043795706,-3.9,80.8,0,3.63
sn50v3_kropp,2026-02-01 12:35:46.856684089,-3.8,80.7,0,3.624
sn50v3_kropp,2026-02-01 12:55:46.653757764,-4.1,80.5,0,3.63
sn50v3_kropp,2026-02-01 13:15:46.463652759,-4.2,80.8,0,3.624
sn50v3_kropp,2026-02-01 13:35:46.264119981,-4.3,80.7,0,3.624
sn50v3_kropp,2026-02-01 13:55:46.066655747,-4.4,81.4,0,3.624
sn50v3_kropp,2026-02-01 14:15:45.885381708,-4.4,81.7,0,3.624
sn50v3_kropp,2026-02-01 14:35:45.708507621,-4.6,82.8,0,3.63
sn50v3_kropp,2026-02-01 14:55:45.494884584,-4.7,83.3,0,3.624
sn50v3_kropp,2026-02-01 15:15:45.318068723,-4.9,84.2,0,3.624
sn50v3_kropp,2026-02-01 15:35:45.113039734,-5.1,85,0,3.624
sn50v3_kropp,2026-02-01 15:55:44.929944343,-5.3,85.6,0,3.624
sn50v3_kropp,2026-02-01 16:15:44.746170492,-5.3,86.2,0,3.624
sn50v3_kropp,2026-02-01 16:35:44.532284265,-5.5,87,0,3.624
sn50v3_kropp,2026-02-01 16:55:44.360456328,-5.6,88.2,0,3.624
sn50v3_kropp,2026-02-01 17:15:44.146557256,-5.7,87.1,0,3.624
sn50v3_kropp,2026-02-01 17:35:43.973839148,-5.7,87.4,0,3.624
sn50v3_kropp,2026-02-01 17:55:43.772456528,-5.7,86.9,0,3.624
sn50v3_kropp,2026-02-01 18:15:43.589190298,-5.7,87.3,0,3.63
sn50v3_kropp,2026-02-01 18:35:43.390392666,-5.7,87.2,0,3.63
sn50v3_kropp,2026-02-01 18:55:43.205930703,-5.7,87.5,0,3.624
sn50v3_kropp,2026-02-01 19:15:43.030010073,-5.6,87.6,0,3.63
sn50v3_kropp,2026-02-01 19:35:42.824196494,-5.6,87.5,0,3.624
sn50v3_kropp,2026-02-01 19:55:42.665226553,-5.6,88,0,3.624
sn50v3_kropp,2026-02-01 20:15:42.438074382,-5.6,88,0,3.624
sn50v3_kropp,2026-02-01 20:35:42.26336377,-5.6,87.8,0,3.624
sn50v3_kropp,2026-02-01 20:55:42.060264994,-5.5,87.4,0,3.624
sn50v3_kropp,2026-02-01 21:15:41.889125616,-5.5,87.3,0,3.624
sn50v3_kropp,2026-02-01 21:35:41.692032873,-5.5,86.9,0,3.624
sn50v3_kropp,2026-02-01 21:55:41.491554434,-5.5,86.5,0,3.624
sn50v3_kropp,2026-02-01 22:15:41.304680112,-5.4,85.7,0,3.624
sn50v3_kropp,2026-02-01 22:35:41.103179882,-5.5,85.6,0,3.624
sn50v3_kropp,2026-02-01 22:55:40.921887454,-5.5,85.3,0,3.624
sn50v3_kropp,2026-02-01 23:15:40.736253231,-5.5,85.4,0,3.624
sn50v3_kropp,2026-02-01 23:35:40.558531808,-5.5,84.6,0,3.624
sn50v3_kropp,2026-02-01 23:55:40.352111264,-5.6,84.4,0,3.624
sn50v3_kropp,2026-02-02 00:15:40.170667458,-5.6,84.7,0,3.63
sn50v3_kropp,2026-02-02 00:35:39.9694954,-5.7,82.9,0,3.624
sn50v3_kropp,2026-02-02 00:55:39.772716056,-5.8,82.4,0,3.63
sn50v3_kropp,2026-02-02 01:15:39.58381799,-5.9,82.6,0,3.624
sn50v3_kropp,2026-02-02 01:35:39.404474655,-6,81.8,0,3.624
sn50v3_kropp,2026-02-02 01:55:39.211895089,-6,82.4,0,3.624
sn50v3_kropp,2026-02-02 02:15:39.021060993,-6.1,84.2,0,3.624
sn50v3_kropp,2026-02-02 02:35:38.82524999,-6.3,83.4,0,3.624
sn50v3_kropp,2026-02-02 02:55:38.634679044,-6.4,83.8,0,3.63
sn50v3_kropp,2026-02-02 03:15:38.463948118,-6.5,84,0,3.624
sn50v3_kropp,2026-02-02 03:35:38.259517891,-6.8,83.8,0,3.624
sn50v3_kropp,2026-02-02 03:55:38.091050697,-7,84.6,0,3.624
sn50v3_kropp,2026-02-02 04:15:37.89920313,-7.1,85.2,0,3.624
sn50v3_kropp,2026-02-02 04:55:37.530548354,-7.7,86.8,0,3.624
sn50v3_kropp,2026-02-02 05:15:37.333749297,-7.9,87.3,0,3.624
sn50v3_kropp,2026-02-02 05:35:37.149691256,-8.1,87.5,0,3.624
sn50v3_kropp,2026-02-02 05:55:36.975875688,-8.1,87.6,0,3.624
sn50v3_kropp,2026-02-02 06:15:36.787297024,-8,87.1,0,3.624
sn50v3_kropp,2026-02-02 06:35:36.584606319,-7.7,86.4,0,3.624
sn50v3_kropp,2026-02-02 06:55:36.403537601,-7.6,85.8,0,3.624
sn50v3_kropp,2026-02-02 07:15:36.225438623,-7.5,85.2,0,3.624
sn50v3_kropp,2026-02-02 07:35:36.080649769,-7.6,85.1,0,3.624
sn50v3_kropp,2026-02-02 07:55:35.845816606,-7.7,84.7,0,3.624
sn50v3_kropp,2026-02-02 08:15:35.670522578,-7.8,85.8,0,3.624
sn50v3_kropp,2026-02-02 08:35:35.480182756,-7.3,85.6,0,3.624
sn50v3_kropp,2026-02-02 08:55:35.316636192,-6.8,84,0,3.624
sn50v3_kropp,2026-02-02 09:15:35.11132332,-6.7,83,0,3.624
sn50v3_kropp,2026-02-02 09:35:34.92978647,-6.5,81,0,3.624
sn50v3_kropp,2026-02-02 09:55:34.724523984,-6.8,80.2,0,3.624
sn50v3_kropp,2026-02-02 10:15:34.550659641,-6.7,80.9,0,3.624
sn50v3_kropp,2026-02-02 10:35:34.379621943,-6.5,80.3,0,3.624
sn50v3_kropp,2026-02-02 10:55:34.181015572,-5.3,77.4,0,3.624
sn50v3_kropp,2026-02-02 11:15:33.99402448,-5.6,77.3,0,3.624
sn50v3_kropp,2026-02-02 11:35:33.781468976,-5.6,76,0,3.624
sn50v3_kropp,2026-02-02 11:55:33.588842091,-5,74.8,0,3.624
sn50v3_kropp,2026-02-02 12:15:33.403112745,-5.5,76.6,0,3.624
sn50v3_kropp,2026-02-02 12:35:33.234133547,-5.4,77.6,0,3.624
sn50v3_kropp,2026-02-02 12:55:33.025546266,-5.3,79.3,0,3.624
sn50v3_kropp,2026-02-02 13:15:32.866871119,-5.2,80.2,0,3.624
sn50v3_kropp,2026-02-02 13:35:32.63074613,-5.1,79.9,0,3.624
sn50v3_kropp,2026-02-02 13:55:32.463176991,-4.7,78.8,0,3.624
sn50v3_kropp,2026-02-02 14:15:32.24890253,-4.8,79.4,0,3.624
sn50v3_kropp,2026-02-02 14:35:32.071155578,-4.8,79.2,0,3.624
sn50v3_kropp,2026-02-02 14:55:31.866676541,-4.6,80.4,0,3.624
sn50v3_kropp,2026-02-02 15:15:31.706149935,-4.6,82,0,3.624
sn50v3_kropp,2026-02-02 15:35:31.48165143,-4.8,81.8,0,3.624
sn50v3_kropp,2026-02-02 15:55:31.283232314,-4.9,81.6,0,3.63
sn50v3_kropp,2026-02-02 16:15:31.088888982,-5.1,82.5,0,3.63
sn50v3_kropp,2026-02-02 16:35:30.90194248,-5.3,82.4,0,3.624
sn50v3_kropp,2026-02-02 16:55:30.718381398,-5.4,80.6,0,3.624
sn50v3_kropp,2026-02-02 17:15:30.519255172,-5.9,80.4,0,3.624
sn50v3_kropp,2026-02-02 17:35:30.331417685,-6.2,80.3,0,3.624
sn50v3_kropp,2026-02-02 17:55:30.138403793,-6.1,79,0,3.624
sn50v3_kropp,2026-02-02 18:15:30.056262646,-6.1,78.8,0,3.624
sn50v3_kropp,2026-02-02 18:35:29.784328199,-6.1,77.9,0,3.624
sn50v3_kropp,2026-02-02 18:55:29.585869118,-6.3,79,0,3.624
sn50v3_kropp,2026-02-02 19:15:29.387627258,-6,78.4,0,3.624
sn50v3_kropp,2026-02-02 19:35:29.204835697,-6.1,77.8,0,3.624
sn50v3_kropp,2026-02-02 19:55:29.01009236,-6.5,76,0,3.624
sn50v3_kropp,2026-02-02 20:15:28.829066724,-6.5,77.3,0,3.624
sn50v3_kropp,2026-02-02 20:35:28.643417884,-6.7,76.6,0,3.624
sn50v3_kropp,2026-02-02 20:55:28.452818218,-6.9,76.1,0,3.624
sn50v3_kropp,2026-02-02 21:15:28.265559451,-6.8,78.8,0,3.624
sn50v3_kropp,2026-02-02 21:35:28.070353641,-6.8,80,0,3.624
sn50v3_kropp,2026-02-02 21:55:27.946083899,-6.8,80.7,0,3.624
sn50v3_kropp,2026-02-02 22:15:27.686471961,-6.7,81.5,0,3.624
sn50v3_kropp,2026-02-02 22:35:27.496452165,-6.7,81.5,0,3.624
sn50v3_kropp,2026-02-02 22:55:27.315104273,-6.7,81.6,0,3.624
sn50v3_kropp,2026-02-02 23:15:27.118584643,-6.6,81.4,0,3.624
sn50v3_kropp,2026-02-02 23:35:26.947736997,-6.5,80.9,0,3.624
sn50v3_kropp,2026-02-02 23:55:26.752335755,-6.3,81.4,0,3.624
sn50v3_kropp,2026-02-03 00:15:26.569495855,-6.3,82.5,0,3.624
sn50v3_kropp,2026-02-03 00:35:26.386400688,-6.2,82.8,0,3.624
sn50v3_kropp,2026-02-03 00:55:26.188808117,-6.1,82.7,0,3.624
sn50v3_kropp,2026-02-03 01:15:26.109447854,-6,83,0,3.624
sn50v3_kropp,2026-02-03 01:35:25.814640154,-5.9,83.9,0,3.624
sn50v3_kropp,2026-02-03 01:55:25.622901425,-5.9,83.5,0,3.624
sn50v3_kropp,2026-02-03 02:15:25.430116555,-6,82.8,0,3.624
sn50v3_kropp,2026-02-03 02:35:25.234238304,-6,82.6,0,3.624
sn50v3_kropp,2026-02-03 02:55:25.05060373,-6,81.7,0,3.624
sn50v3_kropp,2026-02-03 03:15:24.856588619,-6.3,82.8,0,3.624
sn50v3_kropp,2026-02-03 03:35:24.652716962,-6.2,82.7,0,3.624
sn50v3_kropp,2026-02-03 03:55:24.481735786,-6.5,82.9,0,3.624
sn50v3_kropp,2026-02-03 04:15:24.309397203,-6.6,83.3,0,3.624
sn50v3_kropp,2026-02-03 04:35:24.121079366,-6.7,83.6,0,3.624
sn50v3_kropp,2026-02-03 04:55:23.920664846,-6.8,84.1,0,3.624
sn50v3_kropp,2026-02-03 05:15:23.776329674,-6.5,83.1,0,3.624
sn50v3_kropp,2026-02-03 05:35:23.547214489,-6.6,82.1,0,3.624
sn50v3_kropp,2026-02-03 05:55:23.357891739,-6.6,81.1,0,3.624
sn50v3_kropp,2026-02-03 06:15:23.180907824,-6.4,78.8,0,3.624
sn50v3_kropp,2026-02-03 06:35:22.968542213,-6.4,75.9,0,3.624
sn50v3_kropp,2026-02-03 06:55:22.804797988,-6.4,71.8,0,3.624
sn50v3_kropp,2026-02-03 07:35:22.464171543,-6.2,66.5,0,3.624
sn50v3_kropp,2026-02-03 07:55:22.227309536,-5.7,64.7,0,3.624
sn50v3_kropp,2026-02-03 08:15:22.007704113,-5.4,62.8,0,3.624
sn50v3_kropp,2026-02-03 08:35:21.84286179,-4.1,58,0,3.624
sn50v3_kropp,2026-02-03 08:55:21.667288974,-4.8,59.3,0,3.624
sn50v3_kropp,2026-02-03 09:15:21.479527658,-4.7,56.9,0,3.624
sn50v3_kropp,2026-02-03 09:35:21.257557678,-4.7,56.5,0,3.624
sn50v3_kropp,2026-02-03 09:55:21.071222558,-4.5,54.8,0,3.624
sn50v3_kropp,2026-02-03 10:15:20.878696226,-4.3,52.8,0,3.624
sn50v3_kropp,2026-02-03 10:35:20.683344089,-4.3,54,0,3.624
sn50v3_kropp,2026-02-03 10:55:20.487298182,-4.2,53.1,0,3.624
sn50v3_kropp,2026-02-03 11:15:20.307353963,-3.9,52.9,0,3.624
sn50v3_kropp,2026-02-03 11:35:20.126088285,-3.8,53,0,3.624
sn50v3_kropp,2026-02-03 11:55:19.915075582,-3.7,52.4,0,3.624
sn50v3_kropp,2026-02-03 12:15:19.715276082,-3.6,53.6,0,3.624
sn50v3_kropp,2026-02-03 12:35:19.539331293,-3.5,52.3,0,3.624
sn50v3_kropp,2026-02-03 12:55:19.3471168,-3.3,54,0,3.624
sn50v3_kropp,2026-02-03 13:15:19.135343118,-3.1,55.8,0,3.624
sn50v3_kropp,2026-02-03 13:35:18.928927426,-3.2,57,0,3.624
sn50v3_kropp,2026-02-03 13:55:18.750881366,-3.3,57.1,0,3.624
sn50v3_kropp,2026-02-03 14:15:18.595069736,-3.3,55.9,0,3.624
sn50v3_kropp,2026-02-03 14:35:18.351617798,-3.3,55.6,0,3.624
sn50v3_kropp,2026-02-03 14:55:18.150332923,-3.2,55,0,3.624
sn50v3_kropp,2026-02-03 15:15:17.952486696,-3.1,52.7,0,3.624
sn50v3_kropp,2026-02-03 15:35:17.771874994,-3,55,0,3.624
sn50v3_kropp,2026-02-03 15:55:17.566670111,-2.9,54.3,0,3.624
sn50v3_kropp,2026-02-03 16:15:17.369509292,-2.8,54.5,0,3.624
sn50v3_kropp,2026-02-03 16:35:17.177303934,-2.8,55.3,0,3.624
sn50v3_kropp,2026-02-03 16:55:16.973993339,-2.6,55.4,0,3.624
sn50v3_kropp,2026-02-03 17:15:16.794073128,-2.7,56.9,0,3.624
sn50v3_kropp,2026-02-03 17:35:16.585473217,-2.6,59.4,0,3.624
sn50v3_kropp,2026-02-03 17:55:16.392810931,-2.6,60.6,0,3.624
sn50v3_kropp,2026-02-03 18:15:16.192253208,-2.7,60.8,0,3.624
sn50v3_kropp,2026-02-03 18:35:16.012465778,-2.8,60.2,0,3.624
sn50v3_kropp,2026-02-03 18:55:15.820854951,-2.8,59.9,0,3.624
sn50v3_kropp,2026-02-03 19:15:15.617198828,-3,60.1,0,3.624
sn50v3_kropp,2026-02-03 19:35:15.403919308,-3.1,60.8,0,3.624
sn50v3_kropp,2026-02-03 19:55:15.205096569,-3,61.9,0,3.624
sn50v3_kropp,2026-02-03 20:15:15.03659436,-3.1,62.5,0,3.624
sn50v3_kropp,2026-02-03 20:35:14.830542223,-3.2,61.1,0,3.624
sn50v3_kropp,2026-02-03 20:55:14.62970029,-3.5,61.8,0,3.624
sn50v3_kropp,2026-02-03 21:15:14.439160867,-3.8,63.4,0,3.624
sn50v3_kropp,2026-02-03 21:35:14.237567436,-4,64.3,0,3.624
sn50v3_kropp,2026-02-03 21:55:14.041387092,-4.1,64.7,0,3.624
sn50v3_kropp,2026-02-03 22:15:13.865220067,-4.2,64.6,0,3.624
sn50v3_kropp,2026-02-03 22:35:13.660215231,-4.1,64.2,0,3.624
sn50v3_kropp,2026-02-03 22:55:13.474368164,-4.4,65.7,0,3.624
sn50v3_kropp,2026-02-03 23:15:13.259562908,-4.4,65.5,0,3.624
sn50v3_kropp,2026-02-03 23:35:13.068032114,-4.4,66.2,0,3.624
sn50v3_kropp,2026-02-03 23:55:12.891122463,-4.4,66.4,0,3.624
sn50v3_kropp,2026-02-04 00:15:12.696100955,-4.3,66.6,0,3.624
sn50v3_kropp,2026-02-04 00:35:12.517572837,-4.4,67.8,0,3.624
sn50v3_kropp,2026-02-04 00:55:12.304701627,-4.3,66.4,0,3.624
sn50v3_kropp,2026-02-04 01:15:12.118705115,-4.4,68.9,0,3.624
sn50v3_kropp,2026-02-04 01:35:11.922045486,-4.4,68.1,0,3.624
sn50v3_kropp,2026-02-04 01:55:11.729653663,-4.5,69.8,0,3.624
sn50v3_kropp,2026-02-04 02:15:11.543378143,-4.6,71.3,0,3.624
sn50v3_kropp,2026-02-04 02:35:11.341622872,-4.8,71.4,0,3.624
sn50v3_kropp,2026-02-04 02:55:11.156393238,-4.9,72.3,0,3.624
sn50v3_kropp,2026-02-04 03:15:10.965112757,-4.9,73.2,0,3.624
sn50v3_kropp,2026-02-04 03:35:10.79063543,-5,73.4,0,3.624
sn50v3_kropp,2026-02-04 03:55:10.598294867,-5,73.9,0,3.624
sn50v3_kropp,2026-02-04 04:15:10.382202578,-5,75.4,0,3.624
sn50v3_kropp,2026-02-04 04:35:10.196677954,-5.2,75.5,0,3.624
sn50v3_kropp,2026-02-04 04:55:10.003826689,-5.3,76,0,3.624
sn50v3_kropp,2026-02-04 05:15:09.811364939,-5.4,77.2,0,3.624
sn50v3_kropp,2026-02-04 05:35:09.63700702,-5.5,78.5,0,3.624
sn50v3_kropp,2026-02-04 05:55:09.439233571,-5.6,79.9,0,3.624
sn50v3_kropp,2026-02-04 06:15:09.255345094,-5.7,81.8,0,3.624
sn50v3_kropp,2026-02-04 06:35:09.070009473,-5.6,83.6,0,3.624
sn50v3_kropp,2026-02-04 06:55:08.874748558,-5.5,82.8,0,3.624
sn50v3_kropp,2026-02-04 07:15:08.686561649,-5.6,83.4,0,3.624
sn50v3_kropp,2026-02-04 07:35:08.490344541,-5.5,84.2,0,3.624
sn50v3_kropp,2026-02-04 07:55:08.266879371,-5.5,84.3,0,3.624
sn50v3_kropp,2026-02-04 08:15:08.107563611,-5.4,84.5,0,3.624
sn50v3_kropp,2026-02-04 08:35:07.897842612,-5.2,85.7,0,3.624
sn50v3_kropp,2026-02-04 08:55:07.726117894,-5,87.2,0,3.624
sn50v3_kropp,2026-02-04 09:15:07.540718238,-4.8,87.6,0,3.624
sn50v3_kropp,2026-02-04 09:35:07.321063582,-4.6,86.3,0,3.624
sn50v3_kropp,2026-02-04 09:55:07.132351936,-4.3,86.7,0,3.624
sn50v3_kropp,2026-02-04 10:15:06.94649709,-4.2,89.4,0,3.624
sn50v3_kropp,2026-02-04 10:35:06.765471501,-4,88.5,0,3.624
sn50v3_kropp,2026-02-04 10:55:06.569244882,-3.7,85.9,0,3.624
sn50v3_kropp,2026-02-04 11:15:06.372918141,-3.5,84.3,0,3.624
sn50v3_kropp,2026-02-04 11:35:06.231810217,-3.3,83.2,0,3.624
sn50v3_kropp,2026-02-04 11:55:05.97225561,-3.2,83.5,0,3.624
sn50v3_kropp,2026-02-04 12:15:05.786225903,-2.9,83.8,0,3.624
sn50v3_kropp,2026-02-04 12:35:05.58238778,-2.4,83.3,0,3.624
sn50v3_kropp,2026-02-04 12:55:05.394092999,-1.9,81.9,0,3.624
sn50v3_kropp,2026-02-04 13:15:05.190855,-1.8,81.7,0,3.624
sn50v3_kropp,2026-02-04 13:35:04.98408121,-2.1,82.4,0,3.624
sn50v3_kropp,2026-02-04 13:55:04.786305758,-2.1,83.2,0,3.624
sn50v3_kropp,2026-02-04 14:15:04.594979683,-2.2,83.6,0,3.624
sn50v3_kropp,2026-02-04 14:35:04.387559348,-2.1,83.9,0,3.624
sn50v3_kropp,2026-02-04 14:55:04.18874961,-2.3,85.3,0,3.624
sn50v3_kropp,2026-02-04 15:15:03.983253702,-2.5,86.3,0,3.624
sn50v3_kropp,2026-02-04 15:35:03.799281236,-2.8,87,0,3.624
sn50v3_kropp,2026-02-04 15:55:03.599560981,-2.9,87.8,0,3.624
sn50v3_kropp,2026-02-04 16:15:03.406163494,-3,87.8,0,3.63
sn50v3_kropp,2026-02-04 16:35:03.216021334,-2.9,88,0,3.624
sn50v3_kropp,2026-02-04 16:55:03.006566064,-3,87.7,0,3.624
sn50v3_kropp,2026-02-04 17:15:02.849190665,-3,87.6,0,3.624
sn50v3_kropp,2026-02-04 17:35:02.671352901,-3,88.2,0,3.624
sn50v3_kropp,2026-02-04 17:55:02.431262679,-3,87.8,0,3.624
sn50v3_kropp,2026-02-04 18:15:02.231315875,-3,88.1,0,3.624
sn50v3_kropp,2026-02-04 18:35:02.033470919,-2.9,88,0,3.624
sn50v3_kropp,2026-02-04 18:55:01.844190523,-2.6,87.3,0,3.624
sn50v3_kropp,2026-02-04 19:15:01.650477481,-2.3,87.4,0,3.624
sn50v3_kropp,2026-02-04 19:55:01.257152956,-1.9,88.4,0,3.624
sn50v3_kropp,2026-02-04 20:15:01.065487397,-1.6,88.8,0,3.624
sn50v3_kropp,2026-02-04 20:35:00.857630215,-1.5,89.5,0,3.624
sn50v3_kropp,2026-02-04 20:55:00.669815243,-1.4,90.4,0,3.624
sn50v3_kropp,2026-02-04 21:15:00.45067033,-1.3,91.2,0,3.624
sn50v3_kropp,2026-02-04 21:35:00.252704395,-1.3,91.5,0,3.624
sn50v3_kropp,2026-02-04 21:55:00.072499696,-1.3,91.6,0,3.624
sn50v3_kropp,2026-02-04 22:14:59.861849463,-1.4,91.7,0,3.624
sn50v3_kropp,2026-02-04 22:34:59.669898404,-1.5,91.1,0,3.624
sn50v3_kropp,2026-02-04 22:54:59.467354395,-1.6,90.8,0,3.624
sn50v3_kropp,2026-02-04 23:14:59.254086142,-1.7,91,0,3.624
sn50v3_kropp,2026-02-04 23:34:59.051405189,-1.7,91.2,0,3.624
sn50v3_kropp,2026-02-04 23:54:58.904608653,-1.7,91.5,0,3.624
sn50v3_kropp,2026-02-05 00:14:58.655490916,-1.8,91.8,0,3.624
sn50v3_kropp,2026-02-05 00:34:58.468935119,-1.7,91.8,0,3.624
sn50v3_kropp,2026-02-05 00:54:58.271592196,-1.6,91.7,0,3.624
sn50v3_kropp,2026-02-05 01:14:58.06900564,-1.5,91.8,0,3.624
sn50v3_kropp,2026-02-05 01:34:57.876458374,-1.5,91.8,0,3.624
sn50v3_kropp,2026-02-05 01:54:57.676897525,-1.5,92.1,0,3.624
sn50v3_kropp,2026-02-05 02:14:57.472119511,-1.4,92,0,3.624
sn50v3_kropp,2026-02-05 02:34:57.262516634,-1.5,92.4,0,3.624
sn50v3_kropp,2026-02-05 02:54:57.074556235,-1.5,92.4,0,3.624
sn50v3_kropp,2026-02-05 03:14:56.86414762,-1.5,92.4,0,3.624
sn50v3_kropp,2026-02-05 03:34:56.667856211,-1.4,91.7,0,3.624
sn50v3_kropp,2026-02-05 03:54:56.480635335,-1.4,91.9,0,3.624
sn50v3_kropp,2026-02-05 04:14:56.275857275,-1.5,92.1,0,3.624
sn50v3_kropp,2026-02-05 04:34:56.06847105,-1.4,92.5,0,3.624
sn50v3_kropp,2026-02-05 04:54:55.874280794,-1.4,92.8,0,3.624
sn50v3_kropp,2026-02-05 05:14:55.696623794,-1.3,92.5,0,3.624
sn50v3_kropp,2026-02-05 05:34:55.467420885,-1.3,92.9,0,3.63
sn50v3_kropp,2026-02-05 05:54:55.270063202,-1.2,93,0,3.624
sn50v3_kropp,2026-02-05 06:14:55.076622281,-1.1,93.3,0,3.63
sn50v3_kropp,2026-02-05 06:34:54.866097299,-1.1,93.4,0,3.624
sn50v3_kropp,2026-02-05 06:54:54.679191129,-1,93.7,0,3.624
sn50v3_kropp,2026-02-05 07:14:54.483765064,-0.9,94.2,0,3.624
sn50v3_kropp,2026-02-05 07:34:54.270244243,-0.9,93.9,0,3.624
sn50v3_kropp,2026-02-05 07:54:54.071357092,-0.8,94,0,3.624
sn50v3_kropp,2026-02-05 08:14:53.862312823,-0.8,96.5,0,3.624
sn50v3_kropp,2026-02-05 08:34:53.694950905,-0.9,98.1,0,3.624
sn50v3_kropp,2026-02-05 08:54:53.495580946,-0.8,98.8,0,3.624
sn50v3_kropp,2026-02-05 09:14:53.272646455,-0.6,98.2,0,3.624
sn50v3_kropp,2026-02-05 09:34:53.073770327,-0.5,97.9,0,3.624
sn50v3_kropp,2026-02-05 09:54:52.87084425,-0.4,98,0,3.624
sn50v3_kropp,2026-02-05 10:14:52.676828831,-0.3,97.7,0,3.63
sn50v3_kropp,2026-02-05 10:34:52.476482258,-0.3,98.2,0,3.63
sn50v3_kropp,2026-02-05 10:54:52.273421357,-0.2,98.2,0,3.624
sn50v3_kropp,2026-02-05 11:34:51.873615183,0,97.1,0,3.624
sn50v3_kropp,2026-02-05 11:54:51.653322965,0,97.1,0,3.624
sn50v3_kropp,2026-02-05 12:14:51.471085274,0,96.3,0,3.624
sn50v3_kropp,2026-02-05 12:54:51.064238099,-0.2,97.8,0,3.624
sn50v3_kropp,2026-02-05 13:54:50.459581994,-0.2,95.5,0,3.624
sn50v3_kropp,2026-02-05 14:54:49.843431532,-0.4,95.5,0,3.624
sn50v3_kropp,2026-02-05 15:14:49.657819068,-0.4,92.9,0,3.624
sn50v3_kropp,2026-02-05 15:34:49.445989691,-0.5,92.3,0,3.624
sn50v3_kropp,2026-02-05 15:54:49.250308121,-0.7,92.6,0,3.624
sn50v3_kropp,2026-02-05 16:14:49.049001863,-0.9,92.1,0,3.624
sn50v3_kropp,2026-02-05 16:34:48.83128054,-1,91,0,3.624
sn50v3_kropp,2026-02-05 16:54:48.650395094,-1.2,90.9,0,3.624
sn50v3_kropp,2026-02-05 17:14:48.456572367,-1.4,90.7,0,3.624
sn50v3_kropp,2026-02-05 17:34:48.257849738,-1.5,90.4,0,3.624
sn50v3_kropp,2026-02-05 17:54:48.044580944,-1.6,90.8,0,3.624
sn50v3_kropp,2026-02-05 18:14:47.83065089,-1.7,90.8,0,3.624
sn50v3_kropp,2026-02-05 18:34:47.643801714,-1.9,89.7,0,3.63
sn50v3_kropp,2026-02-05 18:54:47.443605995,-1.9,89.3,0,3.624
sn50v3_kropp,2026-02-05 19:14:47.257540331,-1.9,89.9,0,3.624
sn50v3_kropp,2026-02-05 19:34:47.067009527,-2,90.5,0,3.624
sn50v3_kropp,2026-02-05 19:54:46.866031042,-2,89.9,0,3.624
sn50v3_kropp,2026-02-05 20:14:46.690150254,-2,90.3,0,3.624
sn50v3_kropp,2026-02-05 20:34:46.478076848,-2,90.5,0,3.624
sn50v3_kropp,2026-02-05 20:54:46.265724563,-1.9,91,0,3.624
sn50v3_kropp,2026-02-05 21:34:45.874611745,-2,91.8,0,3.624
sn50v3_kropp,2026-02-05 21:54:45.6741298,-2,92,0,3.624
sn50v3_kropp,2026-02-05 22:14:45.473359139,-2,92.5,0,3.624
sn50v3_kropp,2026-02-05 22:34:45.275985893,-1.9,92.2,0,3.624
sn50v3_kropp,2026-02-05 22:54:45.100810402,-1.8,92,0,3.624
sn50v3_kropp,2026-02-05 23:14:44.890626554,-1.8,91.9,0,3.624
sn50v3_kropp,2026-02-05 23:34:44.701632025,-1.7,91.7,0,3.624
sn50v3_kropp,2026-02-05 23:54:44.49258204,-1.7,92,0,3.63
sn50v3_kropp,2026-02-06 00:14:44.289334465,-1.6,92,0,3.624
sn50v3_kropp,2026-02-06 00:34:44.091691172,-1.5,92.1,0,3.624
sn50v3_kropp,2026-02-06 00:54:43.884543134,-1.4,92.3,0,3.624
sn50v3_kropp,2026-02-06 01:14:43.77263285,-1.3,92.6,0,3.624
sn50v3_kropp,2026-02-06 01:34:43.501335623,-1.2,92.8,0,3.624
sn50v3_kropp,2026-02-06 01:54:43.293574768,-1.1,93.4,0,3.624
sn50v3_kropp,2026-02-06 02:14:43.104795887,-1,93.3,0,3.624
sn50v3_kropp,2026-02-06 02:34:42.891719534,-0.9,93.4,0,3.624
sn50v3_kropp,2026-02-06 02:54:42.706273296,-0.8,93.8,0,3.624
sn50v3_kropp,2026-02-06 03:14:42.510984858,-0.7,94.3,0,3.624
sn50v3_kropp,2026-02-06 03:34:42.309362895,-0.7,94.5,0,3.624
sn50v3_kropp,2026-02-06 03:54:42.111477915,-0.6,94.3,0,3.624
sn50v3_kropp,2026-02-06 04:14:41.890204421,-0.6,94.9,0,3.624
sn50v3_kropp,2026-02-06 04:34:41.703599917,-0.6,95.5,0,3.624
sn50v3_kropp,2026-02-06 04:54:41.500750648,-0.6,96,0,3.624
sn50v3_kropp,2026-02-06 05:14:41.288320534,-0.6,95.7,0,3.624
sn50v3_kropp,2026-02-06 05:34:41.093521542,-0.5,96,0,3.624
sn50v3_kropp,2026-02-06 05:54:40.887835915,-0.6,96.3,0,3.624
sn50v3_kropp,2026-02-06 06:14:40.697128534,-0.5,96.3,0,3.624
sn50v3_kropp,2026-02-06 06:34:40.494609833,-0.5,96.3,0,3.624
sn50v3_kropp,2026-02-06 06:54:40.297613779,-0.5,96.4,0,3.624
sn50v3_kropp,2026-02-06 07:14:40.097752785,-0.5,96.3,0,3.624
sn50v3_kropp,2026-02-06 07:34:39.902254225,-0.4,96.5,0,3.624
sn50v3_kropp,2026-02-06 07:54:39.702138702,-0.3,96.7,0,3.624
sn50v3_kropp,2026-02-06 08:14:39.493382185,-0.2,96.2,0,3.624
sn50v3_kropp,2026-02-06 08:54:39.093703695,0,95.3,0,3.624
sn50v3_kropp,2026-02-06 09:14:38.894712905,0.1,95,0,3.624
sn50v3_kropp,2026-02-06 09:34:38.69225897,0.2,94.5,0,3.624
sn50v3_kropp,2026-02-06 09:54:38.46821237,0.4,93.3,0,3.624
sn50v3_kropp,2026-02-06 10:14:38.291627374,0.5,93.2,0,3.624
sn50v3_kropp,2026-02-06 10:34:38.065661885,0.5,92.9,0,3.624
sn50v3_kropp,2026-02-06 10:54:37.914276003,0.6,92.4,0,3.624
sn50v3_kropp,2026-02-06 11:14:37.676856673,0.7,92.4,0,3.624
sn50v3_kropp,2026-02-06 11:34:37.463450081,0.8,92.5,0,3.624
sn50v3_kropp,2026-02-06 11:54:37.248139229,0.7,92.9,0,3.624
sn50v3_kropp,2026-02-06 12:14:37.077784293,0.6,93.6,0,3.624
sn50v3_kropp,2026-02-06 12:34:36.845471544,0.7,93.6,0,3.624
sn50v3_kropp,2026-02-06 12:54:36.645264377,0.7,93.8,0,3.624
sn50v3_kropp,2026-02-06 13:14:36.484033333,0.7,94,0,3.624
sn50v3_kropp,2026-02-06 13:34:36.234545062,0.8,94,0,3.624
sn50v3_kropp,2026-02-06 13:54:36.036210309,1,93.5,0,3.624
sn50v3_kropp,2026-02-06 14:14:35.837604831,0.9,93.8,0,3.624
sn50v3_kropp,2026-02-06 14:34:35.641119208,0.7,94.5,0,3.624
sn50v3_kropp,2026-02-06 14:54:35.439056171,0.6,95,0,3.624
sn50v3_kropp,2026-02-06 15:34:35.038307877,0.5,96.5,0,3.624
sn50v3_kropp,2026-02-06 15:54:34.814764934,0.4,96.6,0,3.624
sn50v3_kropp,2026-02-06 16:14:34.621742773,0.4,96.6,0,3.624
sn50v3_kropp,2026-02-06 16:34:34.416716334,0.3,96.8,0,3.624
sn50v3_kropp,2026-02-06 16:54:34.214460471,0.3,97.1,0,3.624
sn50v3_kropp,2026-02-06 17:14:34.039143104,0.3,97.3,0,3.624
sn50v3_kropp,2026-02-06 17:34:33.801008708,0.3,97.5,0,3.624
sn50v3_kropp,2026-02-06 17:54:33.589467532,0.3,97.9,0,3.624
sn50v3_kropp,2026-02-06 18:14:33.415935143,0.3,98.1,0,3.624
sn50v3_kropp,2026-02-06 18:34:33.201458377,0.2,98.7,0,3.624
sn50v3_kropp,2026-02-06 18:54:33.001779617,0.3,98.8,0,3.624
sn50v3_kropp,2026-02-06 19:14:32.799662704,0.3,98.6,0,3.63
sn50v3_kropp,2026-02-06 19:34:32.600347703,0.3,98.4,0,3.624
sn50v3_kropp,2026-02-06 19:54:32.393545832,0.3,98.3,0,3.624
sn50v3_kropp,2026-02-06 20:14:32.199979725,0.3,98.4,0,3.624
sn50v3_kropp,2026-02-06 20:34:31.984643893,0.4,98.6,0,3.624
sn50v3_kropp,2026-02-06 20:54:31.797559276,0.3,98.6,0,3.624
sn50v3_kropp,2026-02-06 21:14:31.575267216,0.4,98.9,0,3.624
sn50v3_kropp,2026-02-06 21:34:31.388576767,0.4,98.9,0,3.624
sn50v3_kropp,2026-02-06 21:54:31.177091706,0.4,99.3,0,3.624
sn50v3_kropp,2026-02-06 22:14:30.984780715,0.4,99.4,0,3.624
sn50v3_kropp,2026-02-06 22:34:30.763188424,0.4,99.5,0,3.624
sn50v3_kropp,2026-02-06 22:54:30.598339811,0.3,100,0,3.624
sn50v3_kropp,2026-02-06 23:14:30.366691857,0.3,100,0,3.624
sn50v3_kropp,2026-02-06 23:34:30.179525411,0.4,100,0,3.624
sn50v3_kropp,2026-02-06 23:54:29.956380372,0.4,100,0,3.624
sn50v3_kropp,2026-02-07 00:14:29.760192038,0.3,99.7,0,3.63
sn50v3_kropp,2026-02-07 00:34:29.560835572,0.4,99.5,0,3.624
sn50v3_kropp,2026-02-07 00:54:29.379712639,0.4,99.7,0,3.624
sn50v3_kropp,2026-02-07 01:14:29.165228235,0.4,100,0,3.624
sn50v3_kropp,2026-02-07 01:34:28.961923408,0.3,100,0,3.624
sn50v3_kropp,2026-02-07 01:54:28.758288073,0.3,100,0,3.624
sn50v3_kropp,2026-02-07 02:14:28.541474367,0.3,100,0,3.624
sn50v3_kropp,2026-02-07 02:34:28.346106409,0.3,100,0,3.624
sn50v3_kropp,2026-02-07 02:54:28.132897091,0.3,100,0,3.624
sn50v3_kropp,2026-02-07 03:14:27.949587335,0.3,100,0,3.624
sn50v3_kropp,2026-02-07 03:34:27.741402428,0.4,100,0,3.624
sn50v3_kropp,2026-02-07 03:54:27.526392039,0.4,100,0,3.624
sn50v3_kropp,2026-02-07 04:14:27.315878531,0.4,100,0,3.624
sn50v3_kropp,2026-02-07 04:34:27.134092485,0.4,100,0,3.624
sn50v3_kropp,2026-02-07 04:54:26.933235121,0.4,100,0,3.624
sn50v3_kropp,2026-02-07 05:14:26.710331671,0.4,100,0,3.624
sn50v3_kropp,2026-02-07 05:54:26.309441891,0.4,100,0,3.624
sn50v3_kropp,2026-02-07 06:14:26.112904587,0.4,100,0,3.624
sn50v3_kropp,2026-02-07 06:34:25.906014829,0.4,100,0,3.63
sn50v3_kropp,2026-02-07 06:54:25.700310936,0.5,100,0,3.624
sn50v3_kropp,2026-02-07 07:14:25.500809122,0.6,100,0,3.624
sn50v3_kropp,2026-02-07 07:34:25.308324087,0.6,100,0,3.624
sn50v3_kropp,2026-02-07 07:54:25.099291125,0.7,100,0,3.624
sn50v3_kropp,2026-02-07 08:14:24.908490901,0.7,100,0,3.624
sn50v3_kropp,2026-02-07 08:34:24.699089076,0.7,100,0,3.624
sn50v3_kropp,2026-02-07 08:54:24.492374641,0.8,100,0,3.624
sn50v3_kropp,2026-02-07 09:14:24.303460249,0.8,100,0,3.624
sn50v3_kropp,2026-02-07 09:34:24.084188116,0.8,100,0,3.624
sn50v3_kropp,2026-02-07 09:54:23.889734712,0.8,100,0,3.624
sn50v3_kropp,2026-02-07 10:14:23.672550613,0.7,100,0,3.624
sn50v3_kropp,2026-02-07 10:34:23.474006193,0.7,100,0,3.624
sn50v3_kropp,2026-02-07 10:54:23.26644582,0.8,100,0,3.624
sn50v3_kropp,2026-02-07 11:14:23.069365814,0.8,100,0,3.624
sn50v3_kropp,2026-02-07 11:34:22.880115784,0.8,100,0,3.624
sn50v3_kropp,2026-02-07 11:54:22.672707093,0.9,100,0,3.624
sn50v3_kropp,2026-02-07 12:14:22.438063048,0.9,100,0,3.624
sn50v3_kropp,2026-02-07 12:34:22.254143062,1,100,0,3.624
sn50v3_kropp,2026-02-07 12:54:22.061638713,0.9,100,0,3.624
sn50v3_kropp,2026-02-07 13:14:21.850249529,0.9,100,0,3.624
sn50v3_kropp,2026-02-07 13:34:21.66767947,0.9,100,0,3.624
